,시도시군구,불투수면 비율(%),불투수면 면적(㎢),행정구역면적(㎢),농업면적,시도구분,연평균강수량,해발고도,연평균기온,농가인구비율,cluster
0,종로구,0.4820827320827321,0.04511415525114155,0.011554482941020893,0.0,서울특별시,0.29463921728495723,0.105457385039737,0.6012861736334404,0.0,0
1,중구,0.9119769119769119,0.03147640791476408,0.0038404743013312178,0.0,서울특별시,0.29463921728495723,0.105457385039737,0.6012861736334404,0.0,0
2,용산구,0.5638528138528138,0.048888888888888885,0.010397381645067443,0.0,서울특별시,0.29463921728495723,0.105457385039737,0.6012861736334404,0.0,0
3,성동구,0.7628667628667629,0.05089802130898022,0.007603808516265538,0.0,서울특별시,0.29463921728495723,0.105457385039737,0.6012861736334404,0.0,0
4,광진구,0.7469937469937471,0.050410958904109585,0.007730538658203299,0.0,서울특별시,0.29463921728495723,0.105457385039737,0.6012861736334404,0.0,0
5,동대문구,0.8986291486291487,0.05071537290715372,0.006204266948778983,0.0,서울특별시,0.29463921728495723,0.105457385039737,0.6012861736334404,0.0,0
6,중랑구,0.718975468975469,0.05357686453576864,0.008551529577713126,0.0,서울특별시,0.29463921728495723,0.105457385039737,0.6012861736334404,0.0,0
7,성북구,0.6313131313131313,0.06514459665144597,0.0118795733051221,0.0,서울특별시,0.29463921728495723,0.105457385039737,0.6012861736334404,0.0,0
8,강북구,0.43903318903318905,0.03902587519025875,0.011361632725028652,0.0,서울특별시,0.29463921728495723,0.105457385039737,0.6012861736334404,0.0,0
9,도봉구,0.5022847522847522,0.03890410958904109,0.009747200916865028,0.0,서울특별시,0.29463921728495723,0.105457385039737,0.6012861736334404,0.0,0
10,노원구,0.45851370851370854,0.07013698630136986,0.017946090099620914,0.0,서울특별시,0.29463921728495723,0.105457385039737,0.6012861736334404,0.0,0
11,은평구,0.5025252525252526,0.0628310502283105,0.014755796526492108,0.0,서울특별시,0.29463921728495723,0.105457385039737,0.6012861736334404,0.0,0
12,서대문구,0.6856661856661856,0.04742770167427701,0.00808317905316054,0.0,서울특별시,0.29463921728495723,0.105457385039737,0.6012861736334404,0.0,0
13,마포구,0.6713564213564214,0.06764079147640792,0.011482852860795204,0.0,서울특별시,0.29463921728495723,0.105457385039737,0.6012861736334404,0.0,0
14,양천구,0.8258778258778259,0.05899543378995434,0.007956448911222781,0.0,서울특별시,0.29463921728495723,0.105457385039737,0.6012861736334404,0.0,0
15,강서구,0.5400432900432901,0.10136986301369863,0.021180463722119368,0.0,서울특별시,0.29463921728495723,0.105457385039737,0.6012861736334404,0.0,0
16,구로구,0.7632275132275133,0.06386605783866058,0.009411090540421406,0.0,서울특별시,0.29463921728495723,0.105457385039737,0.6012861736334404,0.0,0
17,금천구,0.7804232804232805,0.03707762557077626,0.005510006171206912,0.0,서울특별시,0.29463921728495723,0.105457385039737,0.6012861736334404,0.0,0
18,영등포구,0.7174122174122175,0.07567732115677321,0.01184651326809486,0.0,서울특별시,0.29463921728495723,0.105457385039737,0.6012861736334404,0.0,0
19,동작구,0.7572150072150072,0.0487062404870624,0.007361368244732433,0.0,서울특별시,0.29463921728495723,0.105457385039737,0.6012861736334404,0.0,0
20,관악구,0.49458874458874463,0.061065449010654485,0.014634576390725556,0.0,서울특별시,0.29463921728495723,0.105457385039737,0.6012861736334404,0.0,0
21,서초구,0.45202020202020204,0.09582952815829529,0.024188927091598342,0.0,서울특별시,0.29463921728495723,0.105457385039737,0.6012861736334404,0.0,0
22,강남구,0.6642616642616643,0.12066971080669711,0.020094992506391608,0.0,서울특별시,0.29463921728495723,0.105457385039737,0.6012861736334404,0.0,0
23,송파구,0.7270322270322269,0.11196347031963469,0.01698734902583091,0.0,서울특별시,0.29463921728495723,0.105457385039737,0.6012861736334404,0.0,0
24,강동구,0.6470658970658971,0.06703196347031964,0.011868553292779686,0.0,서울특별시,0.29463921728495723,0.105457385039737,0.6012861736334404,0.0,0
25,중구,0.995069745069745,0.0,0.0,0.0,부산광역시,0.6184264166326947,0.5072609796339912,0.8220793140407286,0.03607496830620947,5
26,서구,0.4776334776334777,0.01996955859969559,0.0061381468747245,0.0,부산광역시,0.6184264166326947,0.5072609796339912,0.8220793140407286,0.03607496830620947,5
27,동구,0.7418229918229919,0.023439878234398782,0.003923124393899322,0.0,부산광역시,0.6184264166326947,0.5072609796339912,0.8220793140407286,0.03607496830620947,5
28,영도구,0.5681818181818181,0.027884322678843228,0.006408137177113638,0.0,부산광역시,0.6184264166326947,0.5072609796339912,0.8220793140407286,0.03607496830620947,5
29,부산진구,0.5567580567580568,0.07098934550989344,0.014744776514149696,0.0,부산광역시,0.6184264166326947,0.5072609796339912,0.8220793140407286,0.03607496830620947,5
30,동래구,0.6915584415584417,0.04432267884322679,0.007526668429868642,0.0,부산광역시,0.6184264166326947,0.5072609796339912,0.8220793140407286,0.03607496830620947,5
31,남구,0.611952861952862,0.0712937595129376,0.013361764965176761,0.0,부산광역시,0.6184264166326947,0.5072609796339912,0.8220793140407286,0.03607496830620947,5
32,북구,0.2739297739297739,0.04298325722983257,0.02024376267301419,0.0,부산광역시,0.6184264166326947,0.5072609796339912,0.8220793140407286,0.03607496830620947,5
33,해운대구,0.3321308321308321,0.07689497716894977,0.027169840430221283,0.0,부산광역시,0.6184264166326947,0.5072609796339912,0.8220793140407286,0.03607496830620947,5
34,사하구,0.45346320346320346,0.09753424657534246,0.024502997443357138,0.0,부산광역시,0.6184264166326947,0.5072609796339912,0.8220793140407286,0.03607496830620947,5
35,금정구,0.2385762385762386,0.06940639269406393,0.03454773869346734,0.0,부산광역시,0.6184264166326947,0.5072609796339912,0.8220793140407286,0.03607496830620947,5
36,강서구,0.33694083694083693,0.3171385083713851,0.10075046284051839,0.0,부산광역시,0.6184264166326947,0.5072609796339912,0.8220793140407286,0.03607496830620947,5
37,연제구,0.7326839826839826,0.03062404870624049,0.0050306356343119115,0.0,부산광역시,0.6184264166326947,0.5072609796339912,0.8220793140407286,0.03607496830620947,5
38,수영구,0.7418229918229919,0.024292237442922374,0.004038834523494667,0.0,부산광역시,0.6184264166326947,0.5072609796339912,0.8220793140407286,0.03607496830620947,5
39,사상구,0.4822029822029822,0.07604261796042618,0.01830424050074936,0.0,부산광역시,0.6184264166326947,0.5072609796339912,0.8220793140407286,0.03607496830620947,5
40,기장군,0.13443963443963444,0.152572298325723,0.11950101384113551,0.0,부산광역시,0.6184264166326947,0.5072609796339912,0.8220793140407286,0.03607496830620947,5
41,중구,0.9742664742664744,0.019908675799086756,0.002220532486996386,0.0,대구광역시,0.006420709335507535,0.0697507462498583,0.7299035369774919,0.12333995124867028,0
42,동구,0.1727994227994228,0.15878234398782343,0.09848034029798114,2.4520640821452044e-05,대구광역시,0.006420709335507535,0.0697507462498583,0.7299035369774919,0.12333995124867028,2
43,서구,0.9011544011544013,0.0654490106544901,0.007934408886537953,0.0,대구광역시,0.006420709335507535,0.0697507462498583,0.7299035369774919,0.12333995124867028,0
44,남구,0.5533910533910533,0.03592085235920852,0.00815480913338623,0.0,대구광역시,0.006420709335507535,0.0697507462498583,0.7299035369774919,0.12333995124867028,0
45,북구,0.363997113997114,0.16517503805175038,0.05000330600370273,0.0,대구광역시,0.006420709335507535,0.0697507462498583,0.7299035369774919,0.12333995124867028,0
46,수성구,0.3334535834535835,0.12073059360730592,0.04069139557436305,0.0,대구광역시,0.006420709335507535,0.0697507462498583,0.7299035369774919,0.12333995124867028,0
47,달서구,0.6143578643578644,0.18441400304414002,0.03281759675570837,0.0,대구광역시,0.006420709335507535,0.0697507462498583,0.7299035369774919,0.12333995124867028,0
48,달성군,0.13468013468013468,0.30855403348554034,0.23154698933262807,0.05170346746696148,대구광역시,0.006420709335507535,0.0697507462498583,0.7299035369774919,0.12333995124867028,2
49,군위군,0.030904280904280906,0.13168949771689498,0.3365015868817773,0.31723393424936147,대구광역시,0.006420709335507535,0.0697507462498583,0.7299035369774919,0.12333995124867028,2
50,중구,0.35365560365560367,0.2628310502283105,0.08015405977254696,0.0,인천광역시,0.15338361190379124,0.08400821189717494,0.5487674169346194,0.04372360448543988,0
51,동구,1.0,0.0213089802130898,0.002275632548708455,0.0,인천광역시,0.15338361190379124,0.08400821189717494,0.5487674169346194,0.04372360448543988,0
52,연수구,0.4575517075517076,0.13619482496194824,0.03315370713215199,0.0,인천광역시,0.15338361190379124,0.08400821189717494,0.5487674169346194,0.04372360448543988,0
53,남동구,0.5969215969215969,0.16347031963470318,0.030079123688618533,0.0,인천광역시,0.15338361190379124,0.08400821189717494,0.5487674169346194,0.04372360448543988,0
54,부평구,0.6201298701298701,0.0880365296803653,0.016028607952040905,0.0,인천광역시,0.15338361190379124,0.08400821189717494,0.5487674169346194,0.04372360448543988,0
55,계양구,0.39898989898989895,0.08030441400304414,0.023423036233800584,0.0,인천광역시,0.15338361190379124,0.08400821189717494,0.5487674169346194,0.04372360448543988,0
56,서구,0.41774891774891776,0.27622526636225264,0.0714262099973552,0.0,인천광역시,0.15338361190379124,0.08400821189717494,0.5487674169346194,0.04372360448543988,0
57,미추홀구,0.8276815776815778,0.091324200913242,0.012099973551970379,0.0,인천광역시,0.15338361190379124,0.08400821189717494,0.5487674169346194,0.04372360448543988,0
58,강화군,0.09463684463684464,0.2170471841704718,0.22602596314907875,0.0,인천광역시,0.17488789237668168,0.05736992581583687,0.43193997856377264,0.04372360448543988,2
59,옹진군,0.05303030303030304,0.04980213089802131,0.10045292250727322,0.0,인천광역시,0.15338361190379124,0.08400821189717494,0.5487674169346194,0.04372360448543988,2
60,동구,0.1898749398749399,0.035433789954337894,0.025191748214758003,0.0,광주광역시,0.34325315939665724,0.08748441376878219,0.7481243301178991,0.13056388739835734,0
61,서구,0.5007215007215007,0.10898021308980213,0.02451952746187076,0.0,광주광역시,0.34325315939665724,0.08748441376878219,0.7481243301178991,0.13056388739835734,0
62,남구,0.3256373256373256,0.08943683409436834,0.03171559552146699,0.0,광주광역시,0.34325315939665724,0.08748441376878219,0.7481243301178991,0.13056388739835734,0
63,북구,0.2978595478595479,0.17467275494672754,0.06415851185753328,0.0,광주광역시,0.34325315939665724,0.08748441376878219,0.7481243301178991,0.13056388739835734,0
64,광산구,0.2552910052910053,0.2901065449010654,0.1206911751741162,0.006903698597793412,광주광역시,0.34325315939665724,0.08748441376878219,0.7481243301178991,0.13056388739835734,2
65,동구,0.14574314574314576,0.09722983257229834,0.07393326280525434,0.0,대전광역시,0.30992662046473707,0.0830258070204164,0.6430868167202571,0.10505563665583173,2
66,중구,0.2807840307840308,0.07799086757990867,0.03255311645949044,0.006124577852957504,대전광역시,0.30992662046473707,0.0830258070204164,0.6430868167202571,0.10505563665583173,0
67,서구,0.29244829244829246,0.13375951293759514,0.05091796702812308,0.024073936605375615,대전광역시,0.30992662046473707,0.0830258070204164,0.6430868167202571,0.10505563665583173,0
68,유성구,0.2269119769119769,0.20146118721461187,0.0953451467865644,0.0,대전광역시,0.30992662046473707,0.0830258070204164,0.6430868167202571,0.10505563665583173,2
69,대덕구,0.34764309764309764,0.11196347031963469,0.036426650797848896,0.0,대전광역시,0.30992662046473707,0.0830258070204164,0.6430868167202571,0.10505563665583173,0
70,중구,0.39478114478114484,0.06155251141552512,0.01871749096358988,0.0,울산광역시,0.30992662046473707,0.0830258070204164,0.6430868167202571,0.15007866121567554,0
71,남구,0.6186868686868687,0.22429223744292237,0.03941858414881425,0.0,울산광역시,0.30992662046473707,0.0830258070204164,0.6430868167202571,0.15007866121567554,0
72,동구,0.4432419432419432,0.06995433789954338,0.018563210790796085,0.0,울산광역시,0.30992662046473707,0.0830258070204164,0.6430868167202571,0.15007866121567554,0
73,북구,0.1857864357864358,0.1464840182648402,0.08546570572159042,0.0,울산광역시,0.30992662046473707,0.0830258070204164,0.6430868167202571,0.15007866121567554,2
74,울주군,0.09824434824434823,0.4246575342465754,0.4159558758705809,0.0,울산광역시,0.30992662046473707,0.0830258070204164,0.6430868167202571,0.15007866121567554,2
75,세종특별자치시,0.1343193843193843,0.3398477929984779,0.2546724852331835,0.0,세종특별자치시,0.40603342845495316,0.1132032696449488,0.5884244372990352,0.2243362052977294,2
76,수원시 장안구,0.38335738335738334,0.05205479452054794,0.016706338711099358,0.0,경기도,0.2684467998369344,0.042454374850435156,0.5584137191854234,0.11831750889072265,0
77,수원시 권선구,0.484968734968735,0.10423135464231355,0.0243156572335361,0.0,경기도,0.2684467998369344,0.042454374850435156,0.5584137191854234,0.11831750889072265,0
78,수원시 팔달구,0.8407888407888409,0.040365296803652966,0.005427356078638808,0.0,경기도,0.2684467998369344,0.042454374850435156,0.5584137191854234,0.11831750889072265,0
79,수원시 영통구,0.6121933621933622,0.07269406392694064,0.013598695230538657,4.405960856753481e-09,경기도,0.2684467998369344,0.042454374850435156,0.5584137191854234,0.11831750889072265,0
80,성남시 수정구,0.28391053391053395,0.05339421613394216,0.023279776073349204,0.0,경기도,0.27209029759478187,0.09180384649294054,0.5493033226152196,0.11831750889072265,0
81,성남시 중원구,0.38371813371813374,0.0380517503805175,0.012887904434452967,0.0,경기도,0.27209029759478187,0.09180384649294054,0.5493033226152196,0.11831750889072265,0
82,성남시 분당구,0.3422318422318422,0.11135464231354641,0.03680684122366217,3.7670965325242266e-06,경기도,0.27209029759478187,0.09180384649294054,0.5493033226152196,0.11831750889072265,0
83,의정부시,0.2860750360750361,0.10983257229832571,0.04341884862911047,8.825139596077224e-06,경기도,0.265491235222177,0.0899945841782435,0.9163987138263664,0.11831750889072265,0
84,안양시 만안구,0.3005050505050505,0.04316590563165906,0.018469540685885567,0.0,경기도,0.27209029759478187,0.09180384649294054,0.5493033226152196,0.11831750889072265,0
85,안양시 동안구,0.552910052910053,0.047914764079147645,0.010446971700608305,0.0,경기도,0.27209029759478187,0.09180384649294054,0.5493033226152196,0.11831750889072265,0
86,부천시,0.6711159211159212,0.1711415525114155,0.027864101207793354,0.0,경기도,0.27209029759478187,0.09180384649294054,0.5493033226152196,0.11831750889072265,0
87,광명시,0.417027417027417,0.06916286149162862,0.019577051926298154,0.0,경기도,0.27209029759478187,0.09180384649294054,0.5493033226152196,0.11831750889072265,0
88,평택시,0.25396825396825395,0.6135768645357685,0.251465661641541,0.0,경기도,0.27209029759478187,0.09180384649294054,0.5493033226152196,0.11831750889072265,2
89,동두천시,0.12542087542087543,0.053455098934550985,0.051187957330512214,0.04537390375379714,경기도,0.3163473298002446,0.14326737786062443,0.43837084673097515,0.11831750889072265,2
90,안산시 상록구,0.37578162578162577,0.10051750380517505,0.030514414176143877,0.0,경기도,0.27209029759478187,0.09180384649294054,0.5493033226152196,0.11831750889072265,0
91,안산시 단원구,0.35834535834535836,0.201765601217656,0.06140901877810104,0.0,경기도,0.27209029759478187,0.09180384649294054,0.5493033226152196,0.11831750889072265,0
92,고양시 덕양구,0.2605820105820106,0.21637747336377472,0.08939985012783215,0.0,경기도,0.27209029759478187,0.09180384649294054,0.5493033226152196,0.11831750889072265,2
93,고양시 일산동구,0.49506974506974505,0.13990867579908675,0.03138499515119457,0.014260432777414405,경기도,0.27209029759478187,0.09180384649294054,0.5493033226152196,0.11831750889072265,0
94,고양시 일산서구,0.4820827320827321,0.08882800608828005,0.02110332363572247,0.021769952461665038,경기도,0.27209029759478187,0.09180384649294054,0.5493033226152196,0.11831750889072265,0
95,과천시,0.21753246753246755,0.027031963470319637,0.01808935026007229,0.0,경기도,0.27209029759478187,0.09180384649294054,0.5493033226152196,0.11831750889072265,0
96,구리시,0.3815536315536316,0.051445966514459665,0.01662919862470246,0.0,경기도,0.27209029759478187,0.09180384649294054,0.5493033226152196,0.11831750889072265,0
97,남양주시,0.1614959114959115,0.3987214611872146,0.251625451820506,0.1409171590578819,경기도,0.27209029759478187,0.09180384649294054,0.5493033226152196,0.11831750889072265,2
98,오산시,0.4484126984126984,0.08493150684931505,0.021841664462664195,1.2233884645585501e-06,경기도,0.27209029759478187,0.09180384649294054,0.5493033226152196,0.11831750889072265,0
99,시흥시,0.4081289081289082,0.28901065449010654,0.07637970554527021,0.0,경기도,0.27209029759478187,0.09180384649294054,0.5493033226152196,0.11831750889072265,0
100,군포시,0.3862433862433863,0.05875190258751903,0.01839240059948867,0.0,경기도,0.27209029759478187,0.09180384649294054,0.5493033226152196,0.11831750889072265,0
101,의왕시,0.2462722462722463,0.056255707762557075,0.028034911399100765,0.0,경기도,0.27209029759478187,0.09180384649294054,0.5493033226152196,0.11831750889072265,0
102,하남시,0.25372775372775375,0.11153729071537291,0.049490875429780486,0.0,경기도,0.27209029759478187,0.09180384649294054,0.5493033226152196,0.11831750889072265,0
103,용인시 처인구,0.14562289562289563,0.36864535768645357,0.25613263686855325,0.0,경기도,0.27209029759478187,0.09180384649294054,0.5493033226152196,0.11831750889072265,2
104,용인시 기흥구,0.3726551226551227,0.1456316590563166,0.04338578859208323,0.0,경기도,0.27209029759478187,0.09180384649294054,0.5493033226152196,0.11831750889072265,0
105,용인시 수지구,0.3276815776815777,0.05796042617960426,0.021555144141761438,2.0665425071792746e-05,경기도,0.27209029759478187,0.09180384649294054,0.5493033226152196,0.11831750889072265,0
106,파주시,0.1331168831168831,0.5065449010654489,0.3781241734990743,0.0,경기도,0.21871178149205073,0.035435847702054234,0.3536977491961414,0.11831750889072265,2
107,이천시,0.18061568061568062,0.44529680365296803,0.25283765317817153,0.0,경기도,0.2878108438646554,0.09851757623083995,0.4887459807073954,0.11831750889072265,2
108,안성시,0.14237614237614238,0.4296499238964992,0.30323216962002997,0.20860475783998328,경기도,0.27209029759478187,0.09180384649294054,0.5493033226152196,0.11831750889072265,2
109,김포시,0.2664742664742665,0.3872146118721461,0.15317817155955216,0.10733906554225861,경기도,0.27209029759478187,0.09180384649294054,0.5493033226152196,0.11831750889072265,2
110,화성시,0.23677248677248675,0.9999999999999999,0.4347229568897117,0.0,경기도,0.27209029759478187,0.09180384649294054,0.5493033226152196,0.11831750889072265,2
111,광주시,0.145983645983646,0.3382648401826484,0.23526624349819272,0.14772368712628686,경기도,0.27209029759478187,0.09180384649294054,0.5493033226152196,0.11831750889072265,2
112,양주시,0.17267917267917268,0.28188736681887366,0.16941064973992773,0.10429309409181284,경기도,0.27209029759478187,0.09180384649294054,0.5493033226152196,0.11831750889072265,2
113,포천시,0.09620009620009619,0.4558904109589041,0.4533633077669047,0.4750811183289154,경기도,0.27209029759478187,0.09180384649294054,0.5493033226152196,0.11831750889072265,2
114,여주시,0.10569985569985571,0.3601826484018265,0.3330137529754033,0.0,경기도,0.27209029759478187,0.09180384649294054,0.5493033226152196,0.11831750889072265,2
115,연천군,0.03835978835978836,0.17796042617960425,0.38233381821387635,0.0,경기도,0.27209029759478187,0.09180384649294054,0.5493033226152196,0.11831750889072265,2
116,가평군,0.028499278499278503,0.17582952815829528,0.46160627699903023,0.45543595223964867,경기도,0.27209029759478187,0.09180384649294054,0.5493033226152196,0.11831750889072265,2
117,양평군,0.055555555555555566,0.3045966514459665,0.4814808692585736,0.0,경기도,0.27209029759478187,0.09180384649294054,0.5493033226152196,0.11831750889072265,2
118,춘천시,0.04076479076479076,0.3077016742770167,0.6130487966146523,0.0,강원특별자치도,0.24541377904606598,0.09354257717546002,0.4587352625937834,0.5898706800206287,6
119,원주시,0.06878306878306878,0.35890410958904106,0.47609759322930445,0.0,강원특별자치도,0.1289237668161436,0.18670730632139754,0.5337620578778134,0.5898706800206287,6
120,강릉시,0.04112554112554113,0.2885844748858447,0.5723023009785771,0.0,강원특별자치도,0.4441500203832043,0.03180220915147928,0.7213290460878884,0.5898706800206287,1
121,동해시,0.098003848003848,0.08974124809741249,0.09831504011284492,0.0,강원특별자치도,0.23899306971055845,0.04860385153091427,0.6087888531618434,0.5898706800206287,4
122,태백시,0.031746031746031744,0.058569254185692546,0.16559772546945253,0.0,강원특별자치도,0.2414390542193232,0.8974898295905388,0.18435155412647386,0.5898706800206287,6
123,속초시,0.09511784511784512,0.04438356164383562,0.05670898351406154,0.0,강원특별자치도,0.4980635955972279,0.020063730367646134,0.5766345123258306,0.5898706800206287,4
124,삼척시,0.01430976430976431,0.1699847792998478,0.6537677422198712,0.0,강원특별자치도,0.25224215246636783,0.29884630401652457,0.41336191496963204,0.5898706800206287,6
125,홍천군,0.01418951418951419,0.26709284627092844,1.0,0.0,강원특별자치도,0.2052588666938442,0.17422572641283673,0.4072883172561629,0.5898706800206287,6
126,횡성군,0.030303030303030304,0.22094368340943682,0.548278674072115,0.0,강원특별자치도,0.25224215246636783,0.29884630401652457,0.41336191496963204,0.5898706800206287,6
127,영월군,0.012145262145262143,0.14788432267884322,0.6193963237238826,0.0003132520676862212,강원특별자치도,0.16021198532409286,0.3006410821567565,0.44051446945337613,0.5898706800206287,6
128,평창군,0.015873015873015872,0.22417047184170472,0.8051551617737812,0.0,강원특별자치도,0.2915817366490012,1.0,0.0,0.5898706800206287,6
129,정선군,0.009740259740259744,0.14660578386605783,0.6704961209556555,0.0,강원특별자치도,0.1562372604973501,0.3878232175019207,0.3472668810289389,0.5898706800206287,6
130,철원군,0.031986531986531994,0.20316590563165904,0.4889689676452438,0.00013182634883406418,강원특별자치도,0.3086017121891562,0.1934707860498507,0.3322615219721329,0.5898706800206287,6
131,화천군,0.005892255892255893,0.08736681887366819,0.4984516882658908,0.0004944751123389675,강원특별자치도,0.25224215246636783,0.29884630401652457,0.41336191496963204,0.5898706800206287,6
132,양구군,0.018518518518518517,0.10149162861491628,0.36275676628757825,0.0,강원특별자치도,0.25224215246636783,0.29884630401652457,0.41336191496963204,0.5898706800206287,6
133,인제군,0.0,0.12127853881278539,0.9027869611213964,0.0,강원특별자치도,0.1080309824704444,0.25178533193949393,0.34941050375133964,0.5898706800206287,6
134,고성군,0.022005772005772008,0.11360730593607304,0.3629992065591114,0.0,강원특별자치도,0.25224215246636783,0.29884630401652457,0.41336191496963204,0.5898706800206287,6
135,양양군,0.020683020683020685,0.10343987823439879,0.3463093978665256,0.0,강원특별자치도,0.25224215246636783,0.29884630401652457,0.41336191496963204,0.5898706800206287,6
136,충주시,0.06818181818181819,0.40523592085235915,0.5392698139821916,0.49322262984621823,충청북도,0.251528740317978,0.1422975679181833,0.4737406216505894,0.588201894698166,3
137,제천시,0.0392015392015392,0.23360730593607304,0.48478687296129774,0.0,충청북도,0.2693640440277212,0.3309318991901457,0.3322615219721329,0.588201894698166,6
138,청주시 상당구,0.06758056758056759,0.1562861491628615,0.22059860707043993,0.17561174655306447,충청북도,0.18895230330207924,0.07157701172588385,0.6741693461950696,0.588201894698166,4
139,청주시 서원구,0.20767195767195767,0.12420091324200913,0.06615313409151019,0.026029904181586568,충청북도,0.18895230330207924,0.07157701172588385,0.6741693461950696,0.588201894698166,4
140,청주시 흥덕구,0.25962000962000964,0.2624048706240487,0.10786388080754651,0.0,충청북도,0.18895230330207924,0.07157701172588385,0.6741693461950696,0.588201894698166,4
141,청주시 청원구,0.19276094276094274,0.21211567732115677,0.1166964206999912,0.07712304473278798,충청북도,0.18895230330207924,0.07157701172588385,0.6741693461950696,0.588201894698166,4
142,보은군,0.04208754208754209,0.1576255707762557,0.31997156836815654,0.25102438993799264,충청남도,0.25322054626987356,0.05949846971548043,0.5406216505894962,0.43867989597832646,4
143,옥천군,0.05447330447330448,0.1791780821917808,0.2968185224367451,0.3258309170370862,충청남도,0.25322054626987356,0.05949846971548043,0.5406216505894962,0.43867989597832646,4
144,영동군,0.03210678210678211,0.19409436834094368,0.4682237944106497,0.0,충청남도,0.25322054626987356,0.05949846971548043,0.5406216505894962,0.43867989597832646,6
145,진천군,0.12373737373737373,0.2743987823439878,0.22322688001410562,0.3194211898034405,충청남도,0.25322054626987356,0.05949846971548043,0.5406216505894962,0.43867989597832646,4
146,괴산군,0.032948532948532956,0.19543378995433788,0.4623666578506568,0.6488594021100837,충청남도,0.25322054626987356,0.05949846971548043,0.5406216505894962,0.43867989597832646,3
147,음성군,0.13744588744588745,0.3892846270928463,0.284564268711981,0.0,충청남도,0.25322054626987356,0.05949846971548043,0.5406216505894962,0.43867989597832646,4
148,단양군,0.017195767195767195,0.11762557077625571,0.4284635898792207,0.4178662109277831,충청남도,0.25322054626987356,0.05949846971548043,0.5406216505894962,0.43867989597832646,3
149,증평군,0.1313131313131313,0.04584474885844749,0.043462928678480124,0.024072448859259653,충청남도,0.25322054626987356,0.05949846971548043,0.5406216505894962,0.43867989597832646,4
150,천안시 동남구,0.1271043771043771,0.3032572298325723,0.24002137882394428,0.0,충청남도,0.11169995923359166,0.04974999055379926,0.4748124330117899,0.7250672344990355,1
151,천안시 서북구,0.2778980278980279,0.27975646879756466,0.10747267036939082,0.0,충청남도,0.11169995923359166,0.04974999055379926,0.4748124330117899,0.7250672344990355,1
152,공주시,0.06421356421356421,0.33759512937595126,0.4743068412236622,0.3471699988373404,충청남도,0.25322054626987356,0.05949846971548043,0.5406216505894962,0.7250672344990355,3
153,보령시,0.08621933621933621,0.2886453576864536,0.3204674689235652,0.0,충청남도,0.18946188340807169,0.01021449173142562,0.5884244372990352,0.7250672344990355,1
154,아산시,0.16558441558441558,0.48535768645357685,0.2976615533809398,0.0,충청남도,0.25322054626987356,0.05949846971548043,0.5406216505894962,0.7250672344990355,1
155,서산시,0.08802308802308802,0.378751902587519,0.408633077669047,0.4903198168759301,충청남도,0.23114553607827149,0.02987518420091439,0.5219721329046089,0.7250672344990355,3
156,논산시,0.1602934102934103,0.4803652968036529,0.3035352199594463,0.0,충청남도,0.25322054626987356,0.05949846971548043,0.5406216505894962,0.7250672344990355,1
157,계룡시,0.09006734006734006,0.017351598173515982,0.031842325663404746,1.7917574150797491e-06,충청남도,0.25322054626987356,0.05949846971548043,0.5406216505894962,0.7250672344990355,4
158,당진시,0.1158008658008658,0.45996955859969557,0.38960151635369833,0.0,충청남도,0.25322054626987356,0.05949846971548043,0.5406216505894962,0.7250672344990355,1
159,금산군,0.05699855699855701,0.1989649923896499,0.3160925240236269,0.26841530049508533,충청남도,0.2649816551161843,0.2151466680101263,0.4951768488745981,0.7250672344990355,6
160,부여군,0.11063011063011063,0.386544901065449,0.3424523935466807,0.0,충청남도,0.33387688544639227,0.014547149136617251,0.5541264737406214,0.7250672344990355,1
161,서천군,0.1026936026936027,0.20645357686453578,0.20105461518116902,0.0,충청남도,0.25322054626987356,0.05949846971548043,0.5406216505894962,0.7250672344990355,1
162,청양군,0.062289562289562284,0.17582952815829528,0.26265097416909106,0.0,충청남도,0.25322054626987356,0.05949846971548043,0.5406216505894962,0.7250672344990355,1
163,홍성군,0.11291486291486291,0.27531202435312024,0.24288107202680068,0.0,충청남도,0.24663677130044848,0.02770885549831858,0.5434083601286174,0.7250672344990355,1
164,예산군,0.1097883597883598,0.3318721461187214,0.29781583355373353,0.0,충청남도,0.25322054626987356,0.05949846971548043,0.5406216505894962,0.7250672344990355,1
165,태안군,0.08177008177008177,0.2513850837138508,0.29389821916600545,0.1983422263859205,충청남도,0.25322054626987356,0.05949846971548043,0.5406216505894962,0.7250672344990355,1
166,전주시 완산구,0.3053150553150553,0.1347945205479452,0.049143745040994447,0.0,전라북도,0.33000407664084785,0.06786150610224567,0.6859592711682742,0.6584510883836195,4
167,전주시 덕진구,0.35978835978835977,0.20018264840182648,0.06072577801287138,0.0,전라북도,0.33000407664084785,0.06786150610224567,0.6859592711682742,0.6584510883836195,4
168,군산시,0.19745069745069743,0.43756468797564685,0.22873137617914133,0.0,전라북도,0.3283734203016715,0.029812209529327303,0.6087888531618434,0.6584510883836195,4
169,익산시,0.18302068302068303,0.49698630136986305,0.2779192012695054,0.0,전라북도,0.357980024459845,0.203901490820392,0.5375133976420149,0.6584510883836195,1
170,정읍시,0.09319384319384319,0.37187214611872144,0.3827305386582033,0.0,전라북도,0.31655116184264176,0.06899505019081326,0.6034297963558414,0.6584510883836195,1
171,남원시,0.07671957671957672,0.33863013698630134,0.4117572511681213,0.0,전라북도,0.31420709335507535,0.14511883320528482,0.5798499464094319,0.6584510883836195,1
172,김제시,0.14309764309764308,0.4261796042617961,0.29948536542360926,0.0,전라북도,0.357980024459845,0.203901490820392,0.5375133976420149,0.6584510883836195,1
173,완주군,0.06758056758056759,0.3341856925418569,0.4513411355020717,0.0,전라북도,0.357980024459845,0.203901490820392,0.5375133976420149,0.6584510883836195,6
174,진안군,0.02405002405002405,0.14642313546423136,0.43310852508154807,0.0,전라북도,0.357980024459845,0.203901490820392,0.5375133976420149,0.6584510883836195,6
175,무주군,0.023448773448773448,0.11171993911719938,0.3455159569778718,0.25206896394983347,전라북도,0.357980024459845,0.203901490820392,0.5375133976420149,0.6584510883836195,6
176,장수군,0.040524290524290525,0.13814307458143074,0.2915619765494137,0.1545113870552973,전라북도,0.4591316754993884,0.5100948398554102,0.37942122186495186,0.6584510883836195,6
177,임실군,0.041606541606541605,0.15987823439878235,0.3270684563166711,0.0,전라북도,0.3272523440684876,0.3087900046601257,0.47695605573419064,0.6584510883836195,6
178,순창군,0.050986050986050996,0.15512937595129375,0.2737150665608745,0.0,전라북도,0.4023644516918059,0.16059800748139097,0.5766345123258306,0.6584510883836195,4
179,고창군,0.09692159692159692,0.3362557077625571,0.3357797760733492,0.0,전라북도,0.357980024459845,0.203901490820392,0.5375133976420149,0.6584510883836195,1
180,부안군,0.08537758537758539,0.2586301369863014,0.29111015604337476,0.0,전라북도,0.357980024459845,0.203901490820392,0.5375133976420149,0.6584510883836195,1
181,목포시,0.48304473304473305,0.1213394216133942,0.0281396015163537,0.0,전라남도,0.16316754993885052,0.049724800685164425,0.7127545551982849,1.0,1
182,여수시,0.12950937950937952,0.37564687975646877,0.2898428546239971,0.0,전라남도,0.44282511210762343,0.08068314923737674,0.7963558413719184,1.0,1
183,순천시,0.06613756613756613,0.3657229832572298,0.5006446707220312,0.0,전라남도,0.4456787607011823,0.20546116352003221,0.5723472668810289,1.0,1
184,나주시,0.11664261664261666,0.3928158295281583,0.3321376619941814,3.037175683922067e-06,전라남도,0.35249694251936403,0.08744914795269342,0.6765273311897103,1.0,1
185,광양시,0.15476190476190477,0.3926940639269407,0.257802168738429,0.0,전라남도,0.49949041989400733,0.1041475118707256,0.7920685959271166,1.0,1
186,담양군,0.08273208273208274,0.21217656012176558,0.24822577801287138,0.0,전라남도,0.35249694251936403,0.08744914795269342,0.6765273311897103,1.0,1
187,곡성군,0.040524290524290525,0.14277016742770166,0.3004716565282553,0.06553569225197611,전라남도,0.35249694251936403,0.08744914795269342,0.6765273311897103,1.0,1
188,구례군,0.03367003367003367,0.09607305936073059,0.24057788944723618,0.18674004050355758,전라남도,0.35249694251936403,0.08744914795269342,0.6765273311897103,1.0,1
189,고흥군,0.06012506012506012,0.30106544901065446,0.44765494137353434,0.0,전라남도,0.35249694251936403,0.08744914795269342,0.6765273311897103,1.0,1
190,보성군,0.05050505050505051,0.21059360730593607,0.36550074936083926,0.0,전라남도,0.44557684467998393,0.0,0.7224008574490889,1.0,1
191,화순군,0.03511303511303512,0.1902587519025875,0.43260711451996825,0.4848641475942841,전라남도,0.35249694251936403,0.08744914795269342,0.6765273311897103,1.0,3
192,장흥군,0.046416546416546425,0.182648401826484,0.34130080225689857,0.0,전라남도,0.38096208724011404,0.05304986334496266,0.6613076098606644,1.0,1
193,강진군,0.05868205868205868,0.1754642313546423,0.2748280878074583,0.0,전라남도,0.41418671015083564,0.013992972026650882,0.7095391211146836,1.0,1
194,해남군,0.06397306397306397,0.4113850837138508,0.575867274971348,0.0,전라남도,0.20739910313901344,0.018250059825938008,0.6216505894962486,1.0,1
195,영암군,0.10413660413660412,0.3580517503805175,0.33533897557965264,0.31535805235499015,전라남도,0.35249694251936403,0.08744914795269342,0.6765273311897103,1.0,1
196,무안군,0.10798460798460799,0.2725114155251141,0.2501157101295953,0.0,전라남도,0.35249694251936403,0.08744914795269342,0.6765273311897103,1.0,1
197,함평군,0.08417508417508417,0.18319634703196347,0.21319315877633785,4.140134551729355e-06,전라남도,0.35249694251936403,0.08744914795269342,0.6765273311897103,1.0,1
198,영광군,0.08092833092833093,0.22149162861491628,0.2630201445825619,0.0,전라남도,0.22176926212800652,0.044497902943436154,0.6098606645230437,1.0,1
199,장성군,0.06758056758056759,0.2050532724505327,0.2837818478356695,0.2414097564965691,전라남도,0.35249694251936403,0.08744914795269342,0.6765273311897103,1.0,1
200,완도군,0.06697931697931699,0.1571993911719939,0.22351340033500838,0.0,전라남도,0.35249694251936403,0.08744914795269342,0.6765273311897103,1.0,1
201,진도군,0.050986050986050996,0.1388736681887367,0.2473496870316495,0.0,전라남도,0.3039135752140236,0.3046840560726476,0.5669882100750269,1.0,1
202,신안군,0.05483405483405483,0.2295890410958904,0.372575597284669,0.0,전라남도,0.35249694251936403,0.08744914795269342,0.6765273311897103,1.0,1
203,포항시 남구,0.14886964886964887,0.3167732115677321,0.2169950630344706,0.06602319566558608,경상북도,0.17295148797390958,0.002607151403705429,0.7909967845659164,0.836576482241077,1
204,포항시 북구,0.052308802308802305,0.24133942161339422,0.4047926033677157,0.36410802655258184,경상북도,0.17295148797390958,0.002607151403705429,0.7909967845659164,0.836576482241077,3
205,경주시,0.0670995670995671,0.5435007610350076,0.7265824737723706,0.0,경상북도,0.0987566245413779,0.04818821869843949,0.6527331189710609,0.836576482241077,1
206,김천시,0.06084656084656084,0.37832572298325723,0.5523891386758353,0.6793015515172591,경상북도,0.15939665715450468,0.11942402220372422,0.595245055052129,0.836576482241077,3
207,안동시,0.034151034151034154,0.37631659056316585,0.8404963413559023,0.7830154277142678,경상북도,0.0,0.1745028149678199,0.5294748124330116,0.836576482241077,3
208,구미시,0.12830687830687829,0.43452054794520545,0.3365897469805166,0.3001121632798572,경상북도,0.15939665715450468,0.11942402220372422,0.595245055052129,0.836576482241077,1
209,영주시,0.05531505531505532,0.2293455098934551,0.36929714361280086,0.0,경상북도,0.3437627395026499,0.26380089927831024,0.4415862808145766,0.836576482241077,6
210,영천시,0.052308802308802305,0.30362252663622524,0.5031076434805607,0.47706394611116276,경상북도,0.02619241744802292,0.11870725594166026,0.6077170418006429,0.836576482241077,3
211,상주시,0.047739297739297734,0.39190258751902585,0.6886130212465837,0.8584914493774668,경상북도,0.20811251528740327,0.11928662292026147,0.5884244372990352,0.836576482241077,3
212,문경시,0.030303030303030304,0.20140030441400303,0.5024023626906462,0.0,경상북도,0.3090093762739503,0.21454211116289026,0.5155412647374061,0.836576482241077,1
213,경산시,0.14802789802789804,0.32706240487062405,0.22494049193335097,0.148312902146275,경상북도,0.15939665715450468,0.11942402220372422,0.595245055052129,0.836576482241077,1
214,의성군,0.030663780663780664,0.2641704718417047,0.6433152605130917,1.0,경상북도,0.15939665715450468,0.11942402220372422,0.595245055052129,0.836576482241077,3
215,청송군,0.009980759980759982,0.09789954337899544,0.46541369126333426,0.0,경상북도,0.03016714227476569,0.2604380518155598,0.39549839228295813,0.836576482241077,6
216,영양군,0.007094757094757095,0.0821917808219178,0.4502115842369743,0.7869641173921568,경상북도,0.15939665715450468,0.11942402220372422,0.595245055052129,0.836576482241077,3
217,영덕군,0.021284271284271288,0.12706240487062403,0.4090463281318875,0.6038744536434135,경상북도,0.1616388096208723,0.04922100331246773,0.6270096463022506,0.836576482241077,3
218,청도군,0.036676286676286675,0.17120243531202434,0.3805595962267478,0.6105987356405055,경상북도,0.15939665715450468,0.11942402220372422,0.595245055052129,0.836576482241077,3
219,고령군,0.08189033189033189,0.17729071537290714,0.21146852684475007,0.3175268851180734,경상북도,0.15939665715450468,0.11942402220372422,0.595245055052129,0.836576482241077,1
220,성주군,0.1245791245791246,0.4224048706240487,0.3361654765053337,0.5059080006440634,경상북도,0.15939665715450468,0.11942402220372422,0.595245055052129,0.836576482241077,3
221,칠곡군,0.11531986531986532,0.2852359208523592,0.2465617561491669,0.15860781741263488,경상북도,0.15939665715450468,0.11942402220372422,0.595245055052129,0.836576482241077,1
222,예천군,0.05278980278980279,0.2177777777777778,0.36468526844750065,0.0,경상북도,0.15939665715450468,0.11942402220372422,0.595245055052129,0.836576482241077,1
223,봉화군,0.015151515151515152,0.17686453576864536,0.6608040201005024,0.0,경상북도,0.15939665715450468,0.11942402220372422,0.595245055052129,0.836576482241077,1
224,울진군,0.014550264550264553,0.14094368340943683,0.5469121925416557,0.5005586134188575,경상북도,0.22982062780269064,0.0597629633361462,0.6077170418006429,0.836576482241077,3
225,울릉군,0.027417027417027416,0.0009741248097412513,0.039099003790884254,0.019197933157887485,경상북도,0.15939665715450468,0.11942402220372422,0.595245055052129,0.836576482241077,1
226,진주시,0.12301587301587302,0.4881582952815829,0.3912545182050604,0.0,경상남도,0.461475743986955,0.0316006902024006,0.6484458735262594,0.4648965814583707,4
227,통영시,0.08754208754208755,0.1158599695585997,0.13570594199065503,0.0,경상남도,0.6451284141867102,0.036991322090255296,0.7888531618435154,0.4648965814583707,4
228,사천시,0.0992063492063492,0.2200913242009132,0.2199539363484087,0.0,경상남도,0.4321239298817774,0.08103008242812014,0.6804053395693265,0.4648965814583707,4
229,김해시,0.2237854737854738,0.5467275494672754,0.25300295336330775,0.0,경상남도,0.37749694251936416,0.06640049372142524,0.7781350482315111,0.4648965814583707,4
230,밀양시,0.09535834535834536,0.4385388127853881,0.4402109230362338,0.39134827314863013,경상남도,0.21667346106808005,0.008111137700416894,0.7009646302250804,0.4648965814583707,3
231,거제시,0.10101010101010101,0.2284931506849315,0.22421868112492285,0.0,경상남도,1.0,0.054107837827625724,0.7770632368703106,0.4648965814583707,4
232,양산시,0.10966810966810966,0.29558599695585996,0.26669531869875696,0.017336217896324203,경상남도,0.4995923359152059,0.00556696096829855,0.8017148981779206,0.4648965814583707,4
233,창원시 의창구,0.2053872053872054,0.2140030441400304,0.11090540421405273,0.0,경상남도,0.47890338361190365,0.03249493053893724,0.7299035369774919,0.4648965814583707,4
234,창원시 성산구,0.39971139971139974,0.1723592085235921,0.04745768315260514,0.0,경상남도,0.47890338361190365,0.03249493053893724,0.7299035369774919,0.4648965814583707,4
235,창원시 마산합포구,0.10040885040885042,0.12846270928462708,0.13231177818919157,0.0,경상남도,0.47890338361190365,0.03249493053893724,0.7299035369774919,0.4648965814583707,4
236,창원시 마산회원구,0.17364117364117365,0.07208523592085236,0.04844948426342238,0.003610206141029711,경상남도,0.47890338361190365,0.03249493053893724,0.7299035369774919,0.4648965814583707,4
237,창원시 진해구,0.19696969696969696,0.12225266362252662,0.06854447676981398,0.0,경상남도,0.47890338361190365,0.03249493053893724,0.7299035369774919,0.4648965814583707,4
238,의령군,0.055675805675805684,0.16073059360730593,0.26385766552058537,0.2691247953091556,경상남도,0.312576437015899,0.015403604670201645,0.6623794212218647,0.4648965814583707,4
239,함안군,0.1242183742183742,0.28079147640791474,0.227524684827647,0.21587749971913836,경상남도,0.4321239298817774,0.08103008242812014,0.6804053395693265,0.4648965814583707,4
240,창녕군,0.07996632996632996,0.2435920852359208,0.2905922154632813,0.15338345520135394,경상남도,0.4321239298817774,0.08103008242812014,0.6804053395693265,0.4648965814583707,4
241,고성군,0.06734006734006734,0.2054185692541857,0.28509873931058805,0.0,경상남도,0.4321239298817774,0.08103008242812014,0.6804053395693265,0.4648965814583707,4
242,남해군,0.06277056277056277,0.13028919330289193,0.198338182138764,0.0,경상남도,0.4321239298817774,0.08103008242812014,0.6804053395693265,0.4648965814583707,4
243,하동군,0.054954304954304964,0.22928462709284628,0.37142400599488673,0.0,경상남도,0.4321239298817774,0.08103008242812014,0.6804053395693265,0.4648965814583707,4
244,산청군,0.04208754208754209,0.21948249619482496,0.4347890769637662,0.4188513162172867,경상남도,0.46076233183856496,0.17173192941798807,0.6045016077170416,0.4648965814583707,3
245,함양군,0.03330928330928331,0.1663318112633181,0.3956515031296835,0.21107285227637898,경상남도,0.31930289441500204,0.18917591344761134,0.5734190782422292,0.4648965814583707,6
246,거창군,0.038840788840788835,0.2084627092846271,0.43893811161068497,0.0,경상남도,0.1717284957195273,0.2809426048843155,0.5133976420150054,0.4648965814583707,6
247,합천군,0.03727753727753728,0.25223744292237443,0.5405591554262541,0.37288195125966017,경상남도,0.2886261720342438,0.03129841177878257,0.6355841371918541,0.4648965814583707,3
248,제주시,0.13371813371813374,0.7332115677321156,0.54076853566076,0.055574346407466536,제주특별자치도,0.4220342437831228,0.023829615728553976,0.9839228295819934,0.7007952042294318,1
249,서귀포시,0.14718614718614717,0.7148858447488583,0.48414220223926646,0.10319535335031357,제주특별자치도,0.8603750509580106,0.062042646447598784,0.9999999999999999,0.7007952042294318,4
